model_family,promo_scope,feature_name,feature_family,mean_feature_value,mean_shap_value,corr_feature_value_shap,direction_summary,interpretation_caveat,notes
LogisticRegression,promo0,is_churn_prevented,historical_churn_prevention_context,0.2105,-0.0042446148742910465,-1.0,higher_feature_value_tends_to_decrease_repurchase_score,"Direction summary is model behavior, not causal effect.",Correlation uses sampled rows for SHAP explanation.
LogisticRegression,promo0,is_user_verified,membership_context,0.5355,0.0024204768057148256,-1.0,higher_feature_value_tends_to_decrease_repurchase_score,"Direction summary is model behavior, not causal effect.",Correlation uses sampled rows for SHAP explanation.
LogisticRegression,promo0,is_standard,membership_context,0.2565,0.003727632570214346,0.9999999999999983,higher_feature_value_tends_to_increase_repurchase_score,"Direction summary is model behavior, not causal effect.",Correlation uses sampled rows for SHAP explanation.
LogisticRegression,promo0,is_premium,membership_context,0.0935,0.00035706666828234435,1.0,higher_feature_value_tends_to_increase_repurchase_score,"Direction summary is model behavior, not causal effect.",Correlation uses sampled rows for SHAP explanation.
LogisticRegression,promo0,age_group,demographic_context,34.34,0.006081010682402726,1.0,higher_feature_value_tends_to_increase_repurchase_score,"Direction summary is model behavior, not causal effect.",Correlation uses sampled rows for SHAP explanation.
LogisticRegression,promo0,is_female,demographic_context,0.4555,0.004681262615296121,0.9999999999999997,higher_feature_value_tends_to_increase_repurchase_score,"Direction summary is model behavior, not causal effect.",Correlation uses sampled rows for SHAP explanation.
LogisticRegression,promo0,is_male,demographic_context,0.2235,-0.0012870398491503345,0.999999999999999,higher_feature_value_tends_to_increase_repurchase_score,"Direction summary is model behavior, not causal effect.",Correlation uses sampled rows for SHAP explanation.
LogisticRegression,promo0,reg_is_weekend,technical_or_unknown,0.3435,0.006150846202670632,0.9999999999999994,higher_feature_value_tends_to_increase_repurchase_score,"Direction summary is model behavior, not causal effect.",Correlation uses sampled rows for SHAP explanation.
LogisticRegression,promo0,reg_hour_morning,technical_or_unknown,0.2285,0.0005401781038571531,1.0,higher_feature_value_tends_to_increase_repurchase_score,"Direction summary is model behavior, not causal effect.",Correlation uses sampled rows for SHAP explanation.
LogisticRegression,promo0,reg_hour_afternoon,technical_or_unknown,0.231,-0.002223948611582811,1.0,higher_feature_value_tends_to_increase_repurchase_score,"Direction summary is model behavior, not causal effect.",Correlation uses sampled rows for SHAP explanation.
LogisticRegression,promo0,reg_hour_evening,technical_or_unknown,0.3335,-0.006814625092816479,-1.0,higher_feature_value_tends_to_decrease_repurchase_score,"Direction summary is model behavior, not causal effect.",Correlation uses sampled rows for SHAP explanation.
LogisticRegression,promo0,reg_hour_night,technical_or_unknown,0.207,0.0012230407868935897,-1.0,higher_feature_value_tends_to_decrease_repurchase_score,"Direction summary is model behavior, not causal effect.",Correlation uses sampled rows for SHAP explanation.
LogisticRegression,promo0,total_watch_count,weekly_usage,6.594,0.0028821649630857205,0.9999999999999994,higher_feature_value_tends_to_increase_repurchase_score,"Direction summary is model behavior, not causal effect.",Correlation uses sampled rows for SHAP explanation.
LogisticRegression,promo0,unique_movie,content_preference,4.6265,-0.003106875067862205,-0.9999999999999998,higher_feature_value_tends_to_decrease_repurchase_score,"Direction summary is model behavior, not causal effect.",Correlation uses sampled rows for SHAP explanation.
LogisticRegression,promo0,watch_days,weekly_usage,3.5715,0.02098967461589366,1.0,higher_feature_value_tends_to_increase_repurchase_score,"Direction summary is model behavior, not causal effect.",Correlation uses sampled rows for SHAP explanation.
LogisticRegression,promo0,active_ratio,technical_or_unknown,0.17007142857142854,0.020989674615893236,0.999999999999999,higher_feature_value_tends_to_increase_repurchase_score,"Direction summary is model behavior, not causal effect.",Correlation uses sampled rows for SHAP explanation.
LogisticRegression,promo0,total_watch_time_min,weekly_usage,294.9495,-0.0008385315893552654,-0.9999999999999998,higher_feature_value_tends_to_decrease_repurchase_score,"Direction summary is model behavior, not causal effect.",Correlation uses sampled rows for SHAP explanation.
LogisticRegression,promo0,watch_per_day,weekly_usage,1.7346656246531247,0.00043544529452315615,-1.0,higher_feature_value_tends_to_decrease_repurchase_score,"Direction summary is model behavior, not causal effect.",Correlation uses sampled rows for SHAP explanation.
LogisticRegression,promo0,avg_watch_time_min,weekly_usage,42.53643702849107,-0.001677781088221281,1.0,higher_feature_value_tends_to_increase_repurchase_score,"Direction summary is model behavior, not causal effect.",Correlation uses sampled rows for SHAP explanation.
LogisticRegression,promo0,median_watch_time_min,weekly_usage,36.8015,-0.001260326651855325,1.0,higher_feature_value_tends_to_increase_repurchase_score,"Direction summary is model behavior, not causal effect.",Correlation uses sampled rows for SHAP explanation.
LogisticRegression,promo0,std_watch_time_min,weekly_usage,33.08105646968668,0.002177303735667312,0.9999999999999999,higher_feature_value_tends_to_increase_repurchase_score,"Direction summary is model behavior, not causal effect.",Correlation uses sampled rows for SHAP explanation.
LogisticRegression,promo0,avg_daily_watch_time_min,weekly_usage,73.79227364996115,-0.012431393017058649,1.0,higher_feature_value_tends_to_increase_repurchase_score,"Direction summary is model behavior, not causal effect.",Correlation uses sampled rows for SHAP explanation.
LogisticRegression,promo0,max_watch_time_min,weekly_usage,90.52,-0.0007436918843229272,1.0,higher_feature_value_tends_to_increase_repurchase_score,"Direction summary is model behavior, not causal effect.",Correlation uses sampled rows for SHAP explanation.
LogisticRegression,promo0,max_daily_watch_time_min,weekly_usage,129.9695,0.00546260011385241,-1.0,higher_feature_value_tends_to_decrease_repurchase_score,"Direction summary is model behavior, not causal effect.",Correlation uses sampled rows for SHAP explanation.
LogisticRegression,promo0,max_daily_sessions,weekly_usage,2.677,-0.009228162495918953,0.9999999999999993,higher_feature_value_tends_to_increase_repurchase_score,"Direction summary is model behavior, not causal effect.",Correlation uses sampled rows for SHAP explanation.
LogisticRegression,promo0,recency,technical_or_unknown,6.2215,-0.004962587242102447,1.0,higher_feature_value_tends_to_increase_repurchase_score,"Direction summary is model behavior, not causal effect.",Correlation uses sampled rows for SHAP explanation.
LogisticRegression,promo0,avg_gap_between_watch_days,weekly_usage,3.40642243034743,0.0003187144707880564,-1.0,higher_feature_value_tends_to_decrease_repurchase_score,"Direction summary is model behavior, not causal effect.",Correlation uses sampled rows for SHAP explanation.
LogisticRegression,promo0,avg_gap_w1_watch_days,weekly_usage,0.6443499999999999,0.0004062075421113597,1.0,higher_feature_value_tends_to_increase_repurchase_score,"Direction summary is model behavior, not causal effect.",Correlation uses sampled rows for SHAP explanation.
LogisticRegression,promo0,avg_gap_w2_watch_days,weekly_usage,0.6337833333333333,-0.0013258649409580512,1.0,higher_feature_value_tends_to_increase_repurchase_score,"Direction summary is model behavior, not causal effect.",Correlation uses sampled rows for SHAP explanation.
LogisticRegression,promo0,avg_gap_w3_watch_days,weekly_usage,0.6493416666666667,-0.006885631077985268,1.0,higher_feature_value_tends_to_increase_repurchase_score,"Direction summary is model behavior, not causal effect.",Correlation uses sampled rows for SHAP explanation.
LogisticRegression,promo0,max_inactive_gap_days,technical_or_unknown,5.333,0.006985946141221051,1.0,higher_feature_value_tends_to_increase_repurchase_score,"Direction summary is model behavior, not causal effect.",Correlation uses sampled rows for SHAP explanation.
LogisticRegression,promo0,avg_rewatch_ratio,weekly_usage,0.1507262243896105,-0.0013746145125144412,-1.0,higher_feature_value_tends_to_decrease_repurchase_score,"Direction summary is model behavior, not causal effect.",Correlation uses sampled rows for SHAP explanation.
LogisticRegression,promo0,weekend_watch_ratio,weekly_usage,0.3632524222088959,0.004334980557543887,-0.9999999999999998,higher_feature_value_tends_to_decrease_repurchase_score,"Direction summary is model behavior, not causal effect.",Correlation uses sampled rows for SHAP explanation.
LogisticRegression,promo0,watch_ratio_under_1m,weekly_usage,0.21555621121454255,-0.026543708617835563,-1.0,higher_feature_value_tends_to_decrease_repurchase_score,"Direction summary is model behavior, not causal effect.",Correlation uses sampled rows for SHAP explanation.
LogisticRegression,promo0,watch_ratio_under_5m,weekly_usage,0.30686058349220824,-0.002698144884869699,0.9999999999999992,higher_feature_value_tends_to_increase_repurchase_score,"Direction summary is model behavior, not causal effect.",Correlation uses sampled rows for SHAP explanation.
LogisticRegression,promo0,movie_per_active_day,content_preference,1.2620138569763568,0.002743152685886759,-1.0,higher_feature_value_tends_to_decrease_repurchase_score,"Direction summary is model behavior, not causal effect.",Correlation uses sampled rows for SHAP explanation.
LogisticRegression,promo0,max_day_share,technical_or_unknown,0.5726451745256707,-0.02110246809673353,0.9999999999999994,higher_feature_value_tends_to_increase_repurchase_score,"Direction summary is model behavior, not causal effect.",Correlation uses sampled rows for SHAP explanation.
LogisticRegression,promo0,day_count_over_3times,technical_or_unknown,0.703,0.004564026969423849,1.0,higher_feature_value_tends_to_increase_repurchase_score,"Direction summary is model behavior, not causal effect.",Correlation uses sampled rows for SHAP explanation.
LogisticRegression,promo0,watch_time_min_w1,weekly_usage,99.22,-0.002135231210973272,-0.9999999999999996,higher_feature_value_tends_to_decrease_repurchase_score,"Direction summary is model behavior, not causal effect.",Correlation uses sampled rows for SHAP explanation.
LogisticRegression,promo0,watch_time_min_w2,weekly_usage,97.7535,-0.0005816789070435347,1.0,higher_feature_value_tends_to_increase_repurchase_score,"Direction summary is model behavior, not causal effect.",Correlation uses sampled rows for SHAP explanation.
LogisticRegression,promo0,watch_time_min_w3,weekly_usage,97.976,0.004209695546064982,-1.0,higher_feature_value_tends_to_decrease_repurchase_score,"Direction summary is model behavior, not causal effect.",Correlation uses sampled rows for SHAP explanation.
LogisticRegression,promo0,watch_session_w1,weekly_usage,2.2585,-0.005787715953945196,-1.0,higher_feature_value_tends_to_decrease_repurchase_score,"Direction summary is model behavior, not causal effect.",Correlation uses sampled rows for SHAP explanation.
LogisticRegression,promo0,watch_session_w2,weekly_usage,2.173,0.002420958379469746,0.9999999999999997,higher_feature_value_tends_to_increase_repurchase_score,"Direction summary is model behavior, not causal effect.",Correlation uses sampled rows for SHAP explanation.
LogisticRegression,promo0,watch_session_w3,weekly_usage,2.1625,-0.051482253381697596,0.9999999999999996,higher_feature_value_tends_to_increase_repurchase_score,"Direction summary is model behavior, not causal effect.",Correlation uses sampled rows for SHAP explanation.
LogisticRegression,promo0,diff_between_w2_w1,weekly_usage,-1.4665,-0.006814563168310786,1.0,higher_feature_value_tends_to_increase_repurchase_score,"Direction summary is model behavior, not causal effect.",Correlation uses sampled rows for SHAP explanation.
LogisticRegression,promo0,diff_between_w3_w1,weekly_usage,-1.244,0.006622691951947494,-0.9999999999999998,higher_feature_value_tends_to_decrease_repurchase_score,"Direction summary is model behavior, not causal effect.",Correlation uses sampled rows for SHAP explanation.
LogisticRegression,promo0,diff_between_w3_w2,weekly_usage,0.2225,0.003611082312185638,-1.0,higher_feature_value_tends_to_decrease_repurchase_score,"Direction summary is model behavior, not causal effect.",Correlation uses sampled rows for SHAP explanation.
LogisticRegression,promo0,is_w1_over_50pct,weekly_usage,0.29,0.001855926327544444,1.0,higher_feature_value_tends_to_increase_repurchase_score,"Direction summary is model behavior, not causal effect.",Correlation uses sampled rows for SHAP explanation.
LogisticRegression,promo0,is_w2_over_50pct,weekly_usage,0.2665,-0.09410852393696643,1.0,higher_feature_value_tends_to_increase_repurchase_score,"Direction summary is model behavior, not causal effect.",Correlation uses sampled rows for SHAP explanation.
LogisticRegression,promo0,is_w3_over_50pct,weekly_usage,0.289,0.008150172124055086,0.9999999999999989,higher_feature_value_tends_to_increase_repurchase_score,"Direction summary is model behavior, not causal effect.",Correlation uses sampled rows for SHAP explanation.
LogisticRegression,promo0,is_only_w1,technical_or_unknown,0.0875,-0.004581004560069484,-0.9999999999999986,higher_feature_value_tends_to_decrease_repurchase_score,"Direction summary is model behavior, not causal effect.",Correlation uses sampled rows for SHAP explanation.
LogisticRegression,promo0,is_only_w2,technical_or_unknown,0.0815,-0.006871514587036007,1.0,higher_feature_value_tends_to_increase_repurchase_score,"Direction summary is model behavior, not causal effect.",Correlation uses sampled rows for SHAP explanation.
LogisticRegression,promo0,is_only_w3,technical_or_unknown,0.089,7.238499628867264e-05,-1.0,higher_feature_value_tends_to_decrease_repurchase_score,"Direction summary is model behavior, not causal effect.",Correlation uses sampled rows for SHAP explanation.
LogisticRegression,promo0,new_movie_in_90d_ratio,content_preference,0.1702032616384447,-0.0005344302356661015,-1.0,higher_feature_value_tends_to_decrease_repurchase_score,"Direction summary is model behavior, not causal effect.",Correlation uses sampled rows for SHAP explanation.
LogisticRegression,promo0,new_movie_in_180d_ratio,content_preference,0.20655266932656025,0.0020665821561743716,0.9999999999999987,higher_feature_value_tends_to_increase_repurchase_score,"Direction summary is model behavior, not causal effect.",Correlation uses sampled rows for SHAP explanation.
LogisticRegression,promo0,new_movie_in_365d_ratio,content_preference,0.2576418916826366,-5.677894801644479e-05,-1.0,higher_feature_value_tends_to_decrease_repurchase_score,"Direction summary is model behavior, not causal effect.",Correlation uses sampled rows for SHAP explanation.
LogisticRegression,promo0,old_movie_ratio_5y,content_preference,0.16283474402674225,0.00024367000208616897,-0.9999999999999986,higher_feature_value_tends_to_decrease_repurchase_score,"Direction summary is model behavior, not causal effect.",Correlation uses sampled rows for SHAP explanation.
LogisticRegression,promo0,avg_ott_release_year,content_preference,1891.7335059547145,0.007175695598482282,-1.0,higher_feature_value_tends_to_decrease_repurchase_score,"Direction summary is model behavior, not causal effect.",Correlation uses sampled rows for SHAP explanation.
LogisticRegression,promo0,genre_diversity_count,genre_preference,2.915,0.005400482997137795,1.0,higher_feature_value_tends_to_increase_repurchase_score,"Direction summary is model behavior, not causal effect.",Correlation uses sampled rows for SHAP explanation.
LogisticRegression,promo0,action_adventure_ratio,genre_preference,0.09339686651524615,0.0254131759541238,-1.0,higher_feature_value_tends_to_decrease_repurchase_score,"Direction summary is model behavior, not causal effect.",Correlation uses sampled rows for SHAP explanation.
LogisticRegression,promo0,family_animation_ratio,genre_preference,0.1041082631526231,0.02423091863530513,1.0,higher_feature_value_tends_to_increase_repurchase_score,"Direction summary is model behavior, not causal effect.",Correlation uses sampled rows for SHAP explanation.
LogisticRegression,promo0,drama_ratio,genre_preference,0.16480564262599556,-0.008353058666223875,1.0,higher_feature_value_tends_to_increase_repurchase_score,"Direction summary is model behavior, not causal effect.",Correlation uses sampled rows for SHAP explanation.
LogisticRegression,promo0,thriller_crime_ratio,genre_preference,0.11685728880254823,-0.029413405703526005,-1.0,higher_feature_value_tends_to_decrease_repurchase_score,"Direction summary is model behavior, not causal effect.",Correlation uses sampled rows for SHAP explanation.
LogisticRegression,promo0,sf_fantasy_ratio,technical_or_unknown,0.12011957994810513,0.013838596709995585,-1.0,higher_feature_value_tends_to_decrease_repurchase_score,"Direction summary is model behavior, not causal effect.",Correlation uses sampled rows for SHAP explanation.
LogisticRegression,promo0,comedy_ratio,genre_preference,0.09962219647672876,-0.013476803332836795,-1.0,higher_feature_value_tends_to_decrease_repurchase_score,"Direction summary is model behavior, not causal effect.",Correlation uses sampled rows for SHAP explanation.
LogisticRegression,promo0,romance_ratio,genre_preference,0.09821973140864862,-0.0027859261216597138,0.9999999999999987,higher_feature_value_tends_to_increase_repurchase_score,"Direction summary is model behavior, not causal effect.",Correlation uses sampled rows for SHAP explanation.
LogisticRegression,promo0,horror_ratio,genre_preference,0.029400206490573417,-0.01026202819923648,-0.9999999999999992,higher_feature_value_tends_to_decrease_repurchase_score,"Direction summary is model behavior, not causal effect.",Correlation uses sampled rows for SHAP explanation.
LogisticRegression,promo0,documentary_ratio,genre_preference,0.01832190481817502,0.005701718521301434,-0.9999999999999964,higher_feature_value_tends_to_decrease_repurchase_score,"Direction summary is model behavior, not causal effect.",Correlation uses sampled rows for SHAP explanation.
LogisticRegression,promo0,historical_war_ratio,technical_or_unknown,0.06529738766234179,0.003458405402213049,-1.0,higher_feature_value_tends_to_decrease_repurchase_score,"Direction summary is model behavior, not causal effect.",Correlation uses sampled rows for SHAP explanation.
LogisticRegression,promo0,other_ratio,technical_or_unknown,0.027350932099014173,-0.0001730619931701407,-1.0,higher_feature_value_tends_to_decrease_repurchase_score,"Direction summary is model behavior, not causal effect.",Correlation uses sampled rows for SHAP explanation.
LogisticRegression,promo0,is_basic,membership_context,0.65,0.0046651847310338595,-1.0,higher_feature_value_tends_to_decrease_repurchase_score,"Direction summary is model behavior, not causal effect.",Correlation uses sampled rows for SHAP explanation.
LogisticRegression,promo0,is_cold_start_3d_fixed,onboarding_activation,0.3955,0.007113525320251406,1.0,higher_feature_value_tends_to_increase_repurchase_score,"Direction summary is model behavior, not causal effect.",Correlation uses sampled rows for SHAP explanation.
LogisticRegression,promo0,is_cold_start_7d_fixed,onboarding_activation,0.644,-0.0025721554456528376,-0.9999999999999973,higher_feature_value_tends_to_decrease_repurchase_score,"Direction summary is model behavior, not causal effect.",Correlation uses sampled rows for SHAP explanation.
LogisticRegression,promo0,log_retention_w2_ratio,retention_decay,-0.07273171086590957,-0.07365642811550512,1.0,higher_feature_value_tends_to_increase_repurchase_score,"Direction summary is model behavior, not causal effect.",Correlation uses sampled rows for SHAP explanation.
LogisticRegression,promo0,log_retention_w3_ratio,retention_decay,0.0533784481843739,0.01001991574458191,0.9999999999999996,higher_feature_value_tends_to_increase_repurchase_score,"Direction summary is model behavior, not causal effect.",Correlation uses sampled rows for SHAP explanation.
LogisticRegression,promo1,is_churn_prevented,historical_churn_prevention_context,0.165,0.03348292941454863,-1.0,higher_feature_value_tends_to_decrease_repurchase_score,"Direction summary is model behavior, not causal effect.",Correlation uses sampled rows for SHAP explanation.
LogisticRegression,promo1,is_user_verified,membership_context,1.0,0.0,,insufficient_variation,"Direction summary is model behavior, not causal effect.",Correlation uses sampled rows for SHAP explanation.
LogisticRegression,promo1,is_standard,membership_context,0.164,-0.00822654807909117,0.9999999999999974,higher_feature_value_tends_to_increase_repurchase_score,"Direction summary is model behavior, not causal effect.",Correlation uses sampled rows for SHAP explanation.
LogisticRegression,promo1,is_premium,membership_context,0.2345,0.004660438772053796,1.0,higher_feature_value_tends_to_increase_repurchase_score,"Direction summary is model behavior, not causal effect.",Correlation uses sampled rows for SHAP explanation.
LogisticRegression,promo1,age_group,demographic_context,29.37,-0.005852665898380849,0.9999999999999996,higher_feature_value_tends_to_increase_repurchase_score,"Direction summary is model behavior, not causal effect.",Correlation uses sampled rows for SHAP explanation.
LogisticRegression,promo1,is_female,demographic_context,0.6155,-0.0016215074109551986,1.0,higher_feature_value_tends_to_increase_repurchase_score,"Direction summary is model behavior, not causal effect.",Correlation uses sampled rows for SHAP explanation.
LogisticRegression,promo1,is_male,demographic_context,0.3845,-0.012184340418681234,-1.0,higher_feature_value_tends_to_decrease_repurchase_score,"Direction summary is model behavior, not causal effect.",Correlation uses sampled rows for SHAP explanation.
LogisticRegression,promo1,reg_is_weekend,technical_or_unknown,0.372,-5.064112424694605e-05,1.0,higher_feature_value_tends_to_increase_repurchase_score,"Direction summary is model behavior, not causal effect.",Correlation uses sampled rows for SHAP explanation.
LogisticRegression,promo1,reg_hour_morning,technical_or_unknown,0.1345,-0.0008114813287326165,1.0,higher_feature_value_tends_to_increase_repurchase_score,"Direction summary is model behavior, not causal effect.",Correlation uses sampled rows for SHAP explanation.
LogisticRegression,promo1,reg_hour_afternoon,technical_or_unknown,0.2505,0.00422613920535295,-0.9999999999999987,higher_feature_value_tends_to_decrease_repurchase_score,"Direction summary is model behavior, not causal effect.",Correlation uses sampled rows for SHAP explanation.
LogisticRegression,promo1,reg_hour_evening,technical_or_unknown,0.4275,0.00016944796496811334,1.0,higher_feature_value_tends_to_increase_repurchase_score,"Direction summary is model behavior, not causal effect.",Correlation uses sampled rows for SHAP explanation.
LogisticRegression,promo1,reg_hour_night,technical_or_unknown,0.1875,0.0011015263997685059,1.0,higher_feature_value_tends_to_increase_repurchase_score,"Direction summary is model behavior, not causal effect.",Correlation uses sampled rows for SHAP explanation.
LogisticRegression,promo1,total_watch_count,weekly_usage,6.5445,-0.009100257743625407,-0.9999999999999996,higher_feature_value_tends_to_decrease_repurchase_score,"Direction summary is model behavior, not causal effect.",Correlation uses sampled rows for SHAP explanation.
LogisticRegression,promo1,unique_movie,content_preference,4.601,0.003721854328463742,1.0,higher_feature_value_tends_to_increase_repurchase_score,"Direction summary is model behavior, not causal effect.",Correlation uses sampled rows for SHAP explanation.
LogisticRegression,promo1,watch_days,weekly_usage,3.5395,0.01519951216047858,1.0,higher_feature_value_tends_to_increase_repurchase_score,"Direction summary is model behavior, not causal effect.",Correlation uses sampled rows for SHAP explanation.
LogisticRegression,promo1,active_ratio,technical_or_unknown,0.16854761904761897,0.015199512160478334,0.9999999999999983,higher_feature_value_tends_to_increase_repurchase_score,"Direction summary is model behavior, not causal effect.",Correlation uses sampled rows for SHAP explanation.
LogisticRegression,promo1,total_watch_time_min,weekly_usage,288.476,-2.471409954295005e-05,0.9999999999999997,higher_feature_value_tends_to_increase_repurchase_score,"Direction summary is model behavior, not causal effect.",Correlation uses sampled rows for SHAP explanation.
LogisticRegression,promo1,watch_per_day,weekly_usage,1.7168750548063048,0.0028139409118960856,1.0,higher_feature_value_tends_to_increase_repurchase_score,"Direction summary is model behavior, not causal effect.",Correlation uses sampled rows for SHAP explanation.
LogisticRegression,promo1,avg_watch_time_min,weekly_usage,41.56082710518583,-0.07525553972572374,1.0,higher_feature_value_tends_to_increase_repurchase_score,"Direction summary is model behavior, not causal effect.",Correlation uses sampled rows for SHAP explanation.
LogisticRegression,promo1,median_watch_time_min,weekly_usage,35.58025,-0.0029442484700640047,0.9999999999999999,higher_feature_value_tends_to_increase_repurchase_score,"Direction summary is model behavior, not causal effect.",Correlation uses sampled rows for SHAP explanation.
LogisticRegression,promo1,std_watch_time_min,weekly_usage,32.429785509366155,-0.010547218447680196,1.0,higher_feature_value_tends_to_increase_repurchase_score,"Direction summary is model behavior, not causal effect.",Correlation uses sampled rows for SHAP explanation.
LogisticRegression,promo1,avg_daily_watch_time_min,weekly_usage,71.50356768093017,-0.0023875440210695126,1.0,higher_feature_value_tends_to_increase_repurchase_score,"Direction summary is model behavior, not causal effect.",Correlation uses sampled rows for SHAP explanation.
LogisticRegression,promo1,max_watch_time_min,weekly_usage,89.3385,-0.010410598706080616,1.0,higher_feature_value_tends_to_increase_repurchase_score,"Direction summary is model behavior, not causal effect.",Correlation uses sampled rows for SHAP explanation.
LogisticRegression,promo1,max_daily_watch_time_min,weekly_usage,128.2845,0.0051476660937432575,-1.0,higher_feature_value_tends_to_decrease_repurchase_score,"Direction summary is model behavior, not causal effect.",Correlation uses sampled rows for SHAP explanation.
LogisticRegression,promo1,max_daily_sessions,weekly_usage,2.6685,0.00747724348053254,0.9999999999999993,higher_feature_value_tends_to_increase_repurchase_score,"Direction summary is model behavior, not causal effect.",Correlation uses sampled rows for SHAP explanation.
LogisticRegression,promo1,recency,technical_or_unknown,6.147,0.028195100727625176,1.0,higher_feature_value_tends_to_increase_repurchase_score,"Direction summary is model behavior, not causal effect.",Correlation uses sampled rows for SHAP explanation.
LogisticRegression,promo1,avg_gap_between_watch_days,weekly_usage,3.3824068029193026,0.01193173921693003,-1.0,higher_feature_value_tends_to_decrease_repurchase_score,"Direction summary is model behavior, not causal effect.",Correlation uses sampled rows for SHAP explanation.
LogisticRegression,promo1,avg_gap_w1_watch_days,weekly_usage,0.69375,-0.0005832966613738076,-0.9999999999999989,higher_feature_value_tends_to_decrease_repurchase_score,"Direction summary is model behavior, not causal effect.",Correlation uses sampled rows for SHAP explanation.
LogisticRegression,promo1,avg_gap_w2_watch_days,weekly_usage,0.6459,-0.0003621626917262225,-1.0,higher_feature_value_tends_to_decrease_repurchase_score,"Direction summary is model behavior, not causal effect.",Correlation uses sampled rows for SHAP explanation.
LogisticRegression,promo1,avg_gap_w3_watch_days,weekly_usage,0.6557833333333333,-0.009086265277320977,0.9999999999999981,higher_feature_value_tends_to_increase_repurchase_score,"Direction summary is model behavior, not causal effect.",Correlation uses sampled rows for SHAP explanation.
LogisticRegression,promo1,max_inactive_gap_days,technical_or_unknown,5.2335,-0.07417669564613383,1.0,higher_feature_value_tends_to_increase_repurchase_score,"Direction summary is model behavior, not causal effect.",Correlation uses sampled rows for SHAP explanation.
LogisticRegression,promo1,avg_rewatch_ratio,weekly_usage,0.14748859215578733,-0.0006354912865345532,-0.9999999999999998,higher_feature_value_tends_to_decrease_repurchase_score,"Direction summary is model behavior, not causal effect.",Correlation uses sampled rows for SHAP explanation.
LogisticRegression,promo1,weekend_watch_ratio,weekly_usage,0.3735716268330115,-0.0024053265316010914,-1.0,higher_feature_value_tends_to_decrease_repurchase_score,"Direction summary is model behavior, not causal effect.",Correlation uses sampled rows for SHAP explanation.
LogisticRegression,promo1,watch_ratio_under_1m,weekly_usage,0.21489087400502083,-0.012774222817895007,-1.0,higher_feature_value_tends_to_decrease_repurchase_score,"Direction summary is model behavior, not causal effect.",Correlation uses sampled rows for SHAP explanation.
LogisticRegression,promo1,watch_ratio_under_5m,weekly_usage,0.3121897986289616,0.00042743333743755436,0.9999999999999994,higher_feature_value_tends_to_increase_repurchase_score,"Direction summary is model behavior, not causal effect.",Correlation uses sampled rows for SHAP explanation.
LogisticRegression,promo1,movie_per_active_day,content_preference,1.2653924936174936,0.002072715844373137,-1.0,higher_feature_value_tends_to_decrease_repurchase_score,"Direction summary is model behavior, not causal effect.",Correlation uses sampled rows for SHAP explanation.
LogisticRegression,promo1,max_day_share,technical_or_unknown,0.5857394452111427,-0.021540978531917797,1.0,higher_feature_value_tends_to_increase_repurchase_score,"Direction summary is model behavior, not causal effect.",Correlation uses sampled rows for SHAP explanation.
LogisticRegression,promo1,day_count_over_3times,technical_or_unknown,0.6925,0.008091656036431633,0.9999999999999982,higher_feature_value_tends_to_increase_repurchase_score,"Direction summary is model behavior, not causal effect.",Correlation uses sampled rows for SHAP explanation.
LogisticRegression,promo1,watch_time_min_w1,weekly_usage,97.0585,0.00044246145582651933,-0.9999999999999994,higher_feature_value_tends_to_decrease_repurchase_score,"Direction summary is model behavior, not causal effect.",Correlation uses sampled rows for SHAP explanation.
LogisticRegression,promo1,watch_time_min_w2,weekly_usage,95.7145,0.005745892613556393,0.9999999999999999,higher_feature_value_tends_to_increase_repurchase_score,"Direction summary is model behavior, not causal effect.",Correlation uses sampled rows for SHAP explanation.
LogisticRegression,promo1,watch_time_min_w3,weekly_usage,95.703,-0.0025093592036621324,0.9999999999999998,higher_feature_value_tends_to_increase_repurchase_score,"Direction summary is model behavior, not causal effect.",Correlation uses sampled rows for SHAP explanation.
LogisticRegression,promo1,watch_session_w1,weekly_usage,2.2605,-0.008396680600531236,-0.999999999999999,higher_feature_value_tends_to_decrease_repurchase_score,"Direction summary is model behavior, not causal effect.",Correlation uses sampled rows for SHAP explanation.
LogisticRegression,promo1,watch_session_w2,weekly_usage,2.1265,-0.017679442970249575,-1.0,higher_feature_value_tends_to_decrease_repurchase_score,"Direction summary is model behavior, not causal effect.",Correlation uses sampled rows for SHAP explanation.
LogisticRegression,promo1,watch_session_w3,weekly_usage,2.1575,-0.001017225202059266,0.9999999999999992,higher_feature_value_tends_to_increase_repurchase_score,"Direction summary is model behavior, not causal effect.",Correlation uses sampled rows for SHAP explanation.
LogisticRegression,promo1,diff_between_w2_w1,weekly_usage,-1.344,0.007482141188078919,0.9999999999999991,higher_feature_value_tends_to_increase_repurchase_score,"Direction summary is model behavior, not causal effect.",Correlation uses sampled rows for SHAP explanation.
LogisticRegression,promo1,diff_between_w3_w1,weekly_usage,-1.3555,-0.0030271182879261717,1.0,higher_feature_value_tends_to_increase_repurchase_score,"Direction summary is model behavior, not causal effect.",Correlation uses sampled rows for SHAP explanation.
LogisticRegression,promo1,diff_between_w3_w2,weekly_usage,-0.0115,0.003959305882773097,-1.0,higher_feature_value_tends_to_decrease_repurchase_score,"Direction summary is model behavior, not causal effect.",Correlation uses sampled rows for SHAP explanation.
LogisticRegression,promo1,is_w1_over_50pct,weekly_usage,0.2965,0.009995402835942385,1.0,higher_feature_value_tends_to_increase_repurchase_score,"Direction summary is model behavior, not causal effect.",Correlation uses sampled rows for SHAP explanation.
LogisticRegression,promo1,is_w2_over_50pct,weekly_usage,0.2655,0.04726459231865617,1.0,higher_feature_value_tends_to_increase_repurchase_score,"Direction summary is model behavior, not causal effect.",Correlation uses sampled rows for SHAP explanation.
LogisticRegression,promo1,is_w3_over_50pct,weekly_usage,0.2855,-0.0633831428715421,0.9999999999999989,higher_feature_value_tends_to_increase_repurchase_score,"Direction summary is model behavior, not causal effect.",Correlation uses sampled rows for SHAP explanation.
LogisticRegression,promo1,is_only_w1,technical_or_unknown,0.096,-0.04462134855642431,-0.9999999999999969,higher_feature_value_tends_to_decrease_repurchase_score,"Direction summary is model behavior, not causal effect.",Correlation uses sampled rows for SHAP explanation.
LogisticRegression,promo1,is_only_w2,technical_or_unknown,0.078,-0.0060263272601896985,1.0,higher_feature_value_tends_to_increase_repurchase_score,"Direction summary is model behavior, not causal effect.",Correlation uses sampled rows for SHAP explanation.
LogisticRegression,promo1,is_only_w3,technical_or_unknown,0.106,-0.002364092353551067,-0.9999999999999988,higher_feature_value_tends_to_decrease_repurchase_score,"Direction summary is model behavior, not causal effect.",Correlation uses sampled rows for SHAP explanation.
LogisticRegression,promo1,new_movie_in_90d_ratio,content_preference,0.18209814032611404,0.00042669201486204904,0.9999999999999997,higher_feature_value_tends_to_increase_repurchase_score,"Direction summary is model behavior, not causal effect.",Correlation uses sampled rows for SHAP explanation.
LogisticRegression,promo1,new_movie_in_180d_ratio,content_preference,0.21612682598607721,-0.0026217680376865228,1.0,higher_feature_value_tends_to_increase_repurchase_score,"Direction summary is model behavior, not causal effect.",Correlation uses sampled rows for SHAP explanation.
LogisticRegression,promo1,new_movie_in_365d_ratio,content_preference,0.26210792016236495,-0.00093659957258964,-0.9999999999999992,higher_feature_value_tends_to_decrease_repurchase_score,"Direction summary is model behavior, not causal effect.",Correlation uses sampled rows for SHAP explanation.
LogisticRegression,promo1,old_movie_ratio_5y,content_preference,0.161730370810236,0.0023083914671637763,-0.9999999999999999,higher_feature_value_tends_to_decrease_repurchase_score,"Direction summary is model behavior, not causal effect.",Correlation uses sampled rows for SHAP explanation.
LogisticRegression,promo1,avg_ott_release_year,content_preference,1900.8197668918158,0.024412387615834544,-1.0,higher_feature_value_tends_to_decrease_repurchase_score,"Direction summary is model behavior, not causal effect.",Correlation uses sampled rows for SHAP explanation.
LogisticRegression,promo1,genre_diversity_count,genre_preference,2.895,0.031796121959313924,0.9999999999999997,higher_feature_value_tends_to_increase_repurchase_score,"Direction summary is model behavior, not causal effect.",Correlation uses sampled rows for SHAP explanation.
LogisticRegression,promo1,action_adventure_ratio,genre_preference,0.10671513095816156,0.006769640219379669,-1.0,higher_feature_value_tends_to_decrease_repurchase_score,"Direction summary is model behavior, not causal effect.",Correlation uses sampled rows for SHAP explanation.
LogisticRegression,promo1,family_animation_ratio,genre_preference,0.10800762746332387,0.03323877346389158,1.0,higher_feature_value_tends_to_increase_repurchase_score,"Direction summary is model behavior, not causal effect.",Correlation uses sampled rows for SHAP explanation.
LogisticRegression,promo1,drama_ratio,genre_preference,0.17455626995707263,-0.03565123132378322,0.9999999999999999,higher_feature_value_tends_to_increase_repurchase_score,"Direction summary is model behavior, not causal effect.",Correlation uses sampled rows for SHAP explanation.
LogisticRegression,promo1,thriller_crime_ratio,genre_preference,0.12834044654502436,-0.029783707901554882,-1.0,higher_feature_value_tends_to_decrease_repurchase_score,"Direction summary is model behavior, not causal effect.",Correlation uses sampled rows for SHAP explanation.
LogisticRegression,promo1,sf_fantasy_ratio,technical_or_unknown,0.11087240469550778,0.010475757014074263,-1.0,higher_feature_value_tends_to_decrease_repurchase_score,"Direction summary is model behavior, not causal effect.",Correlation uses sampled rows for SHAP explanation.
LogisticRegression,promo1,comedy_ratio,genre_preference,0.07782186020166472,-0.00690990102748624,-0.9999999999999997,higher_feature_value_tends_to_decrease_repurchase_score,"Direction summary is model behavior, not causal effect.",Correlation uses sampled rows for SHAP explanation.
LogisticRegression,promo1,romance_ratio,genre_preference,0.09785655756001717,-1.6869244021305408e-05,1.0,higher_feature_value_tends_to_increase_repurchase_score,"Direction summary is model behavior, not causal effect.",Correlation uses sampled rows for SHAP explanation.
LogisticRegression,promo1,horror_ratio,genre_preference,0.02655998838178794,-0.03480919287429369,-1.0,higher_feature_value_tends_to_decrease_repurchase_score,"Direction summary is model behavior, not causal effect.",Correlation uses sampled rows for SHAP explanation.
LogisticRegression,promo1,documentary_ratio,genre_preference,0.016247107709830816,0.010144821896517935,-1.0,higher_feature_value_tends_to_decrease_repurchase_score,"Direction summary is model behavior, not causal effect.",Correlation uses sampled rows for SHAP explanation.
LogisticRegression,promo1,historical_war_ratio,technical_or_unknown,0.06746281358205833,0.00543602504236442,-1.0,higher_feature_value_tends_to_decrease_repurchase_score,"Direction summary is model behavior, not causal effect.",Correlation uses sampled rows for SHAP explanation.
LogisticRegression,promo1,other_ratio,technical_or_unknown,0.02755979294555075,0.000782163288551662,1.0,higher_feature_value_tends_to_increase_repurchase_score,"Direction summary is model behavior, not causal effect.",Correlation uses sampled rows for SHAP explanation.
LogisticRegression,promo1,is_basic,membership_context,0.6015,-0.005262238421424525,-1.0,higher_feature_value_tends_to_decrease_repurchase_score,"Direction summary is model behavior, not causal effect.",Correlation uses sampled rows for SHAP explanation.
LogisticRegression,promo1,is_cold_start_3d_fixed,onboarding_activation,0.3805,0.0002779883453260308,0.9999999999999996,higher_feature_value_tends_to_increase_repurchase_score,"Direction summary is model behavior, not causal effect.",Correlation uses sampled rows for SHAP explanation.
LogisticRegression,promo1,is_cold_start_7d_fixed,onboarding_activation,0.6395,-0.003334565739108533,1.0,higher_feature_value_tends_to_increase_repurchase_score,"Direction summary is model behavior, not causal effect.",Correlation uses sampled rows for SHAP explanation.
LogisticRegression,promo1,log_retention_w2_ratio,retention_decay,-0.05672714943437823,0.059441647858413015,0.9999999999999996,higher_feature_value_tends_to_increase_repurchase_score,"Direction summary is model behavior, not causal effect.",Correlation uses sampled rows for SHAP explanation.
LogisticRegression,promo1,log_retention_w3_ratio,retention_decay,0.09473000092685413,-0.12810363387854126,1.0,higher_feature_value_tends_to_increase_repurchase_score,"Direction summary is model behavior, not causal effect.",Correlation uses sampled rows for SHAP explanation.
GradientBoosting,promo0,is_churn_prevented,historical_churn_prevention_context,0.2105,-0.008694377155124468,-0.8877755580813665,higher_feature_value_tends_to_decrease_repurchase_score,"Direction summary is model behavior, not causal effect.",Correlation uses sampled rows for SHAP explanation.
GradientBoosting,promo0,is_user_verified,membership_context,0.5355,-0.0001483132839880131,-0.5557276951683443,higher_feature_value_tends_to_decrease_repurchase_score,"Direction summary is model behavior, not causal effect.",Correlation uses sampled rows for SHAP explanation.
GradientBoosting,promo0,is_standard,membership_context,0.2565,0.00011242885584925861,0.7812106609358495,higher_feature_value_tends_to_increase_repurchase_score,"Direction summary is model behavior, not causal effect.",Correlation uses sampled rows for SHAP explanation.
GradientBoosting,promo0,is_premium,membership_context,0.0935,0.0,,insufficient_variation,"Direction summary is model behavior, not causal effect.",Correlation uses sampled rows for SHAP explanation.
GradientBoosting,promo0,age_group,demographic_context,34.34,0.008375609031804475,0.671784085985399,higher_feature_value_tends_to_increase_repurchase_score,"Direction summary is model behavior, not causal effect.",Correlation uses sampled rows for SHAP explanation.
GradientBoosting,promo0,is_female,demographic_context,0.4555,0.0,,insufficient_variation,"Direction summary is model behavior, not causal effect.",Correlation uses sampled rows for SHAP explanation.
GradientBoosting,promo0,is_male,demographic_context,0.2235,0.0,,insufficient_variation,"Direction summary is model behavior, not causal effect.",Correlation uses sampled rows for SHAP explanation.
GradientBoosting,promo0,reg_is_weekend,technical_or_unknown,0.3435,0.0,,insufficient_variation,"Direction summary is model behavior, not causal effect.",Correlation uses sampled rows for SHAP explanation.
GradientBoosting,promo0,reg_hour_morning,technical_or_unknown,0.2285,-3.11927666985088e-05,0.6476909114362265,higher_feature_value_tends_to_increase_repurchase_score,"Direction summary is model behavior, not causal effect.",Correlation uses sampled rows for SHAP explanation.
GradientBoosting,promo0,reg_hour_afternoon,technical_or_unknown,0.231,4.883182030911414e-05,0.575139136942169,higher_feature_value_tends_to_increase_repurchase_score,"Direction summary is model behavior, not causal effect.",Correlation uses sampled rows for SHAP explanation.
GradientBoosting,promo0,reg_hour_evening,technical_or_unknown,0.3335,0.00025614641316616796,-0.8736041480814585,higher_feature_value_tends_to_decrease_repurchase_score,"Direction summary is model behavior, not causal effect.",Correlation uses sampled rows for SHAP explanation.
GradientBoosting,promo0,reg_hour_night,technical_or_unknown,0.207,0.0,,insufficient_variation,"Direction summary is model behavior, not causal effect.",Correlation uses sampled rows for SHAP explanation.
GradientBoosting,promo0,total_watch_count,weekly_usage,6.594,0.0,,insufficient_variation,"Direction summary is model behavior, not causal effect.",Correlation uses sampled rows for SHAP explanation.
GradientBoosting,promo0,unique_movie,content_preference,4.6265,0.0,,insufficient_variation,"Direction summary is model behavior, not causal effect.",Correlation uses sampled rows for SHAP explanation.
GradientBoosting,promo0,watch_days,weekly_usage,3.5715,0.0,,insufficient_variation,"Direction summary is model behavior, not causal effect.",Correlation uses sampled rows for SHAP explanation.
GradientBoosting,promo0,active_ratio,technical_or_unknown,0.17007142857142854,-5.068708050212113e-05,-0.3650921491391759,higher_feature_value_tends_to_decrease_repurchase_score,"Direction summary is model behavior, not causal effect.",Correlation uses sampled rows for SHAP explanation.
GradientBoosting,promo0,total_watch_time_min,weekly_usage,294.9495,0.0,,insufficient_variation,"Direction summary is model behavior, not causal effect.",Correlation uses sampled rows for SHAP explanation.
GradientBoosting,promo0,watch_per_day,weekly_usage,1.7346656246531247,0.0002028497753338823,-0.4652157322186755,higher_feature_value_tends_to_decrease_repurchase_score,"Direction summary is model behavior, not causal effect.",Correlation uses sampled rows for SHAP explanation.
GradientBoosting,promo0,avg_watch_time_min,weekly_usage,42.53643702849107,-6.855217201655411e-05,0.6135520430058772,higher_feature_value_tends_to_increase_repurchase_score,"Direction summary is model behavior, not causal effect.",Correlation uses sampled rows for SHAP explanation.
GradientBoosting,promo0,median_watch_time_min,weekly_usage,36.8015,0.00043544741036644384,0.8053491876069571,higher_feature_value_tends_to_increase_repurchase_score,"Direction summary is model behavior, not causal effect.",Correlation uses sampled rows for SHAP explanation.
GradientBoosting,promo0,std_watch_time_min,weekly_usage,33.08105646968668,-0.00010220256039737778,0.45133738123579514,higher_feature_value_tends_to_increase_repurchase_score,"Direction summary is model behavior, not causal effect.",Correlation uses sampled rows for SHAP explanation.
GradientBoosting,promo0,avg_daily_watch_time_min,weekly_usage,73.79227364996115,4.244865089603106e-05,-0.4384368441782039,higher_feature_value_tends_to_decrease_repurchase_score,"Direction summary is model behavior, not causal effect.",Correlation uses sampled rows for SHAP explanation.
GradientBoosting,promo0,max_watch_time_min,weekly_usage,90.52,0.005662463420863615,0.8452103491307261,higher_feature_value_tends_to_increase_repurchase_score,"Direction summary is model behavior, not causal effect.",Correlation uses sampled rows for SHAP explanation.
GradientBoosting,promo0,max_daily_watch_time_min,weekly_usage,129.9695,-0.00236118661370433,0.5991546914036029,higher_feature_value_tends_to_increase_repurchase_score,"Direction summary is model behavior, not causal effect.",Correlation uses sampled rows for SHAP explanation.
GradientBoosting,promo0,max_daily_sessions,weekly_usage,2.677,0.0,,insufficient_variation,"Direction summary is model behavior, not causal effect.",Correlation uses sampled rows for SHAP explanation.
GradientBoosting,promo0,recency,technical_or_unknown,6.2215,-0.001230475283098412,-0.6325257309572403,higher_feature_value_tends_to_decrease_repurchase_score,"Direction summary is model behavior, not causal effect.",Correlation uses sampled rows for SHAP explanation.
GradientBoosting,promo0,avg_gap_between_watch_days,weekly_usage,3.40642243034743,0.00040730540949655,-0.1184949980561323,higher_feature_value_tends_to_decrease_repurchase_score,"Direction summary is model behavior, not causal effect.",Correlation uses sampled rows for SHAP explanation.
GradientBoosting,promo0,avg_gap_w1_watch_days,weekly_usage,0.6443499999999999,0.0006961805933240308,0.8204595388375044,higher_feature_value_tends_to_increase_repurchase_score,"Direction summary is model behavior, not causal effect.",Correlation uses sampled rows for SHAP explanation.
GradientBoosting,promo0,avg_gap_w2_watch_days,weekly_usage,0.6337833333333333,0.0,,insufficient_variation,"Direction summary is model behavior, not causal effect.",Correlation uses sampled rows for SHAP explanation.
GradientBoosting,promo0,avg_gap_w3_watch_days,weekly_usage,0.6493416666666667,-0.00013091890257438198,0.5850940126715615,higher_feature_value_tends_to_increase_repurchase_score,"Direction summary is model behavior, not causal effect.",Correlation uses sampled rows for SHAP explanation.
GradientBoosting,promo0,max_inactive_gap_days,technical_or_unknown,5.333,0.00023967947683510937,0.6204644103182541,higher_feature_value_tends_to_increase_repurchase_score,"Direction summary is model behavior, not causal effect.",Correlation uses sampled rows for SHAP explanation.
GradientBoosting,promo0,avg_rewatch_ratio,weekly_usage,0.1507262243896105,8.848424370764277e-05,-0.6057031878793288,higher_feature_value_tends_to_decrease_repurchase_score,"Direction summary is model behavior, not causal effect.",Correlation uses sampled rows for SHAP explanation.
GradientBoosting,promo0,weekend_watch_ratio,weekly_usage,0.3632524222088959,0.0002055197638785648,-0.6083223465678861,higher_feature_value_tends_to_decrease_repurchase_score,"Direction summary is model behavior, not causal effect.",Correlation uses sampled rows for SHAP explanation.
GradientBoosting,promo0,watch_ratio_under_1m,weekly_usage,0.21555621121454255,-0.006677924096646163,-0.6686752562468048,higher_feature_value_tends_to_decrease_repurchase_score,"Direction summary is model behavior, not causal effect.",Correlation uses sampled rows for SHAP explanation.
GradientBoosting,promo0,watch_ratio_under_5m,weekly_usage,0.30686058349220824,-5.180314070638543e-05,-0.6066444214606552,higher_feature_value_tends_to_decrease_repurchase_score,"Direction summary is model behavior, not causal effect.",Correlation uses sampled rows for SHAP explanation.
GradientBoosting,promo0,movie_per_active_day,content_preference,1.2620138569763568,4.252688047825795e-05,-0.3064559026204822,higher_feature_value_tends_to_decrease_repurchase_score,"Direction summary is model behavior, not causal effect.",Correlation uses sampled rows for SHAP explanation.
GradientBoosting,promo0,max_day_share,technical_or_unknown,0.5726451745256707,0.0009409969372020691,-0.8250453094890523,higher_feature_value_tends_to_decrease_repurchase_score,"Direction summary is model behavior, not causal effect.",Correlation uses sampled rows for SHAP explanation.
GradientBoosting,promo0,day_count_over_3times,technical_or_unknown,0.703,0.0,,insufficient_variation,"Direction summary is model behavior, not causal effect.",Correlation uses sampled rows for SHAP explanation.
GradientBoosting,promo0,watch_time_min_w1,weekly_usage,99.22,0.0012265661254502024,-0.005520382626207116,non_monotonic_or_unclear,"Direction summary is model behavior, not causal effect.",Correlation uses sampled rows for SHAP explanation.
GradientBoosting,promo0,watch_time_min_w2,weekly_usage,97.7535,6.643787610487379e-05,-0.5693048084400348,higher_feature_value_tends_to_decrease_repurchase_score,"Direction summary is model behavior, not causal effect.",Correlation uses sampled rows for SHAP explanation.
GradientBoosting,promo0,watch_time_min_w3,weekly_usage,97.976,0.007863270818889366,0.7114559100152797,higher_feature_value_tends_to_increase_repurchase_score,"Direction summary is model behavior, not causal effect.",Correlation uses sampled rows for SHAP explanation.
GradientBoosting,promo0,watch_session_w1,weekly_usage,2.2585,0.0005588474542463465,0.36439271620816627,higher_feature_value_tends_to_increase_repurchase_score,"Direction summary is model behavior, not causal effect.",Correlation uses sampled rows for SHAP explanation.
GradientBoosting,promo0,watch_session_w2,weekly_usage,2.173,2.4007049766723466e-05,0.7500788740653659,higher_feature_value_tends_to_increase_repurchase_score,"Direction summary is model behavior, not causal effect.",Correlation uses sampled rows for SHAP explanation.
GradientBoosting,promo0,watch_session_w3,weekly_usage,2.1625,0.0,,insufficient_variation,"Direction summary is model behavior, not causal effect.",Correlation uses sampled rows for SHAP explanation.
GradientBoosting,promo0,diff_between_w2_w1,weekly_usage,-1.4665,0.010768383382723908,0.6771547426923914,higher_feature_value_tends_to_increase_repurchase_score,"Direction summary is model behavior, not causal effect.",Correlation uses sampled rows for SHAP explanation.
GradientBoosting,promo0,diff_between_w3_w1,weekly_usage,-1.244,-0.001969818810090233,0.6218024401846426,higher_feature_value_tends_to_increase_repurchase_score,"Direction summary is model behavior, not causal effect.",Correlation uses sampled rows for SHAP explanation.
GradientBoosting,promo0,diff_between_w3_w2,weekly_usage,0.2225,0.006517504137564598,0.6501679022972481,higher_feature_value_tends_to_increase_repurchase_score,"Direction summary is model behavior, not causal effect.",Correlation uses sampled rows for SHAP explanation.
GradientBoosting,promo0,is_w1_over_50pct,weekly_usage,0.29,0.0001317893402598393,-0.945011103806635,higher_feature_value_tends_to_decrease_repurchase_score,"Direction summary is model behavior, not causal effect.",Correlation uses sampled rows for SHAP explanation.
GradientBoosting,promo0,is_w2_over_50pct,weekly_usage,0.2665,-2.935082126161618e-05,0.7268409159109963,higher_feature_value_tends_to_increase_repurchase_score,"Direction summary is model behavior, not causal effect.",Correlation uses sampled rows for SHAP explanation.
GradientBoosting,promo0,is_w3_over_50pct,weekly_usage,0.289,0.0,,insufficient_variation,"Direction summary is model behavior, not causal effect.",Correlation uses sampled rows for SHAP explanation.
GradientBoosting,promo0,is_only_w1,technical_or_unknown,0.0875,0.010369785947852957,-0.9878609846926605,higher_feature_value_tends_to_decrease_repurchase_score,"Direction summary is model behavior, not causal effect.",Correlation uses sampled rows for SHAP explanation.
GradientBoosting,promo0,is_only_w2,technical_or_unknown,0.0815,0.0,,insufficient_variation,"Direction summary is model behavior, not causal effect.",Correlation uses sampled rows for SHAP explanation.
GradientBoosting,promo0,is_only_w3,technical_or_unknown,0.089,0.0005429241439982251,-0.9879316915214045,higher_feature_value_tends_to_decrease_repurchase_score,"Direction summary is model behavior, not causal effect.",Correlation uses sampled rows for SHAP explanation.
GradientBoosting,promo0,new_movie_in_90d_ratio,content_preference,0.1702032616384447,-0.00035133071697924313,0.7542327765754173,higher_feature_value_tends_to_increase_repurchase_score,"Direction summary is model behavior, not causal effect.",Correlation uses sampled rows for SHAP explanation.
GradientBoosting,promo0,new_movie_in_180d_ratio,content_preference,0.20655266932656025,-0.00016461223440903996,0.766243733374313,higher_feature_value_tends_to_increase_repurchase_score,"Direction summary is model behavior, not causal effect.",Correlation uses sampled rows for SHAP explanation.
GradientBoosting,promo0,new_movie_in_365d_ratio,content_preference,0.2576418916826366,0.0,,insufficient_variation,"Direction summary is model behavior, not causal effect.",Correlation uses sampled rows for SHAP explanation.
GradientBoosting,promo0,old_movie_ratio_5y,content_preference,0.16283474402674225,3.687679255510634e-05,-0.41454175363693513,higher_feature_value_tends_to_decrease_repurchase_score,"Direction summary is model behavior, not causal effect.",Correlation uses sampled rows for SHAP explanation.
GradientBoosting,promo0,avg_ott_release_year,content_preference,1891.7335059547145,-0.00046084794449897405,-0.27857586350749847,higher_feature_value_tends_to_decrease_repurchase_score,"Direction summary is model behavior, not causal effect.",Correlation uses sampled rows for SHAP explanation.
GradientBoosting,promo0,genre_diversity_count,genre_preference,2.915,6.427514107436522e-05,0.7201001075623455,higher_feature_value_tends_to_increase_repurchase_score,"Direction summary is model behavior, not causal effect.",Correlation uses sampled rows for SHAP explanation.
GradientBoosting,promo0,action_adventure_ratio,genre_preference,0.09339686651524615,0.012795935171031158,-0.9780166167654872,higher_feature_value_tends_to_decrease_repurchase_score,"Direction summary is model behavior, not causal effect.",Correlation uses sampled rows for SHAP explanation.
GradientBoosting,promo0,family_animation_ratio,genre_preference,0.1041082631526231,-0.004967423666957769,0.845784483572995,higher_feature_value_tends_to_increase_repurchase_score,"Direction summary is model behavior, not causal effect.",Correlation uses sampled rows for SHAP explanation.
GradientBoosting,promo0,drama_ratio,genre_preference,0.16480564262599556,0.00476518280121791,0.673104989960099,higher_feature_value_tends_to_increase_repurchase_score,"Direction summary is model behavior, not causal effect.",Correlation uses sampled rows for SHAP explanation.
GradientBoosting,promo0,thriller_crime_ratio,genre_preference,0.11685728880254823,0.005927780577974457,-0.9369742932890942,higher_feature_value_tends_to_decrease_repurchase_score,"Direction summary is model behavior, not causal effect.",Correlation uses sampled rows for SHAP explanation.
GradientBoosting,promo0,sf_fantasy_ratio,technical_or_unknown,0.12011957994810513,-0.0015782002152361285,-0.888133381931122,higher_feature_value_tends_to_decrease_repurchase_score,"Direction summary is model behavior, not causal effect.",Correlation uses sampled rows for SHAP explanation.
GradientBoosting,promo0,comedy_ratio,genre_preference,0.09962219647672876,3.915066198226179e-05,-0.5500765269917187,higher_feature_value_tends_to_decrease_repurchase_score,"Direction summary is model behavior, not causal effect.",Correlation uses sampled rows for SHAP explanation.
GradientBoosting,promo0,romance_ratio,genre_preference,0.09821973140864862,0.008703446298812026,0.7630065268289494,higher_feature_value_tends_to_increase_repurchase_score,"Direction summary is model behavior, not causal effect.",Correlation uses sampled rows for SHAP explanation.
GradientBoosting,promo0,horror_ratio,genre_preference,0.029400206490573417,-0.005845768584799896,-0.9165648832494361,higher_feature_value_tends_to_decrease_repurchase_score,"Direction summary is model behavior, not causal effect.",Correlation uses sampled rows for SHAP explanation.
GradientBoosting,promo0,documentary_ratio,genre_preference,0.01832190481817502,0.0,,insufficient_variation,"Direction summary is model behavior, not causal effect.",Correlation uses sampled rows for SHAP explanation.
GradientBoosting,promo0,historical_war_ratio,technical_or_unknown,0.06529738766234179,0.0,,insufficient_variation,"Direction summary is model behavior, not causal effect.",Correlation uses sampled rows for SHAP explanation.
GradientBoosting,promo0,other_ratio,technical_or_unknown,0.027350932099014173,0.0005420078545124734,0.6323349170109253,higher_feature_value_tends_to_increase_repurchase_score,"Direction summary is model behavior, not causal effect.",Correlation uses sampled rows for SHAP explanation.
GradientBoosting,promo0,is_basic,membership_context,0.65,0.00018161610253084403,-0.9634046249371945,higher_feature_value_tends_to_decrease_repurchase_score,"Direction summary is model behavior, not causal effect.",Correlation uses sampled rows for SHAP explanation.
GradientBoosting,promo0,is_cold_start_3d_fixed,onboarding_activation,0.3955,0.00026848961654977256,0.9637079496224132,higher_feature_value_tends_to_increase_repurchase_score,"Direction summary is model behavior, not causal effect.",Correlation uses sampled rows for SHAP explanation.
GradientBoosting,promo0,is_cold_start_7d_fixed,onboarding_activation,0.644,0.0,,insufficient_variation,"Direction summary is model behavior, not causal effect.",Correlation uses sampled rows for SHAP explanation.
GradientBoosting,promo0,log_retention_w2_ratio,retention_decay,-0.07273171086590957,-0.009307951327318143,0.621127311159239,higher_feature_value_tends_to_increase_repurchase_score,"Direction summary is model behavior, not causal effect.",Correlation uses sampled rows for SHAP explanation.
GradientBoosting,promo0,log_retention_w3_ratio,retention_decay,0.0533784481843739,0.014721141874415141,0.748834690376882,higher_feature_value_tends_to_increase_repurchase_score,"Direction summary is model behavior, not causal effect.",Correlation uses sampled rows for SHAP explanation.
GradientBoosting,promo1,is_churn_prevented,historical_churn_prevention_context,0.165,-0.002492757698980661,-0.9477966834926156,higher_feature_value_tends_to_decrease_repurchase_score,"Direction summary is model behavior, not causal effect.",Correlation uses sampled rows for SHAP explanation.
GradientBoosting,promo1,is_user_verified,membership_context,1.0,0.0,,insufficient_variation,"Direction summary is model behavior, not causal effect.",Correlation uses sampled rows for SHAP explanation.
GradientBoosting,promo1,is_standard,membership_context,0.164,0.0,,insufficient_variation,"Direction summary is model behavior, not causal effect.",Correlation uses sampled rows for SHAP explanation.
GradientBoosting,promo1,is_premium,membership_context,0.2345,4.879461298647096e-07,0.471329580941518,higher_feature_value_tends_to_increase_repurchase_score,"Direction summary is model behavior, not causal effect.",Correlation uses sampled rows for SHAP explanation.
GradientBoosting,promo1,age_group,demographic_context,29.37,-0.0011385269561003891,0.561339260632939,higher_feature_value_tends_to_increase_repurchase_score,"Direction summary is model behavior, not causal effect.",Correlation uses sampled rows for SHAP explanation.
GradientBoosting,promo1,is_female,demographic_context,0.6155,0.0,,insufficient_variation,"Direction summary is model behavior, not causal effect.",Correlation uses sampled rows for SHAP explanation.
GradientBoosting,promo1,is_male,demographic_context,0.3845,4.171048830788116e-06,-0.6036218030383207,higher_feature_value_tends_to_decrease_repurchase_score,"Direction summary is model behavior, not causal effect.",Correlation uses sampled rows for SHAP explanation.
GradientBoosting,promo1,reg_is_weekend,technical_or_unknown,0.372,3.42793721504716e-05,-0.548133474617173,higher_feature_value_tends_to_decrease_repurchase_score,"Direction summary is model behavior, not causal effect.",Correlation uses sampled rows for SHAP explanation.
GradientBoosting,promo1,reg_hour_morning,technical_or_unknown,0.1345,0.0,,insufficient_variation,"Direction summary is model behavior, not causal effect.",Correlation uses sampled rows for SHAP explanation.
GradientBoosting,promo1,reg_hour_afternoon,technical_or_unknown,0.2505,0.0,,insufficient_variation,"Direction summary is model behavior, not causal effect.",Correlation uses sampled rows for SHAP explanation.
GradientBoosting,promo1,reg_hour_evening,technical_or_unknown,0.4275,5.2109727269896987e-05,-0.5004262590170854,higher_feature_value_tends_to_decrease_repurchase_score,"Direction summary is model behavior, not causal effect.",Correlation uses sampled rows for SHAP explanation.
GradientBoosting,promo1,reg_hour_night,technical_or_unknown,0.1875,2.927162323345491e-05,0.7665943762224489,higher_feature_value_tends_to_increase_repurchase_score,"Direction summary is model behavior, not causal effect.",Correlation uses sampled rows for SHAP explanation.
GradientBoosting,promo1,total_watch_count,weekly_usage,6.5445,0.0,,insufficient_variation,"Direction summary is model behavior, not causal effect.",Correlation uses sampled rows for SHAP explanation.
GradientBoosting,promo1,unique_movie,content_preference,4.601,0.0022300912869190046,0.6428780013711417,higher_feature_value_tends_to_increase_repurchase_score,"Direction summary is model behavior, not causal effect.",Correlation uses sampled rows for SHAP explanation.
GradientBoosting,promo1,watch_days,weekly_usage,3.5395,-0.000103353725042487,0.6615157292260196,higher_feature_value_tends_to_increase_repurchase_score,"Direction summary is model behavior, not causal effect.",Correlation uses sampled rows for SHAP explanation.
GradientBoosting,promo1,active_ratio,technical_or_unknown,0.16854761904761897,0.0,,insufficient_variation,"Direction summary is model behavior, not causal effect.",Correlation uses sampled rows for SHAP explanation.
GradientBoosting,promo1,total_watch_time_min,weekly_usage,288.476,-0.0026343760831119426,0.5303023759132126,higher_feature_value_tends_to_increase_repurchase_score,"Direction summary is model behavior, not causal effect.",Correlation uses sampled rows for SHAP explanation.
GradientBoosting,promo1,watch_per_day,weekly_usage,1.7168750548063048,0.00045529985338193954,-0.6775602048407436,higher_feature_value_tends_to_decrease_repurchase_score,"Direction summary is model behavior, not causal effect.",Correlation uses sampled rows for SHAP explanation.
GradientBoosting,promo1,avg_watch_time_min,weekly_usage,41.56082710518583,-0.007752115709303403,0.8206937694961919,higher_feature_value_tends_to_increase_repurchase_score,"Direction summary is model behavior, not causal effect.",Correlation uses sampled rows for SHAP explanation.
GradientBoosting,promo1,median_watch_time_min,weekly_usage,35.58025,-0.010969338951845813,0.6885580699993994,higher_feature_value_tends_to_increase_repurchase_score,"Direction summary is model behavior, not causal effect.",Correlation uses sampled rows for SHAP explanation.
GradientBoosting,promo1,std_watch_time_min,weekly_usage,32.429785509366155,0.0023073414607684855,-0.39060868266567383,higher_feature_value_tends_to_decrease_repurchase_score,"Direction summary is model behavior, not causal effect.",Correlation uses sampled rows for SHAP explanation.
GradientBoosting,promo1,avg_daily_watch_time_min,weekly_usage,71.50356768093017,6.767831113813206e-05,0.41823363574499034,higher_feature_value_tends_to_increase_repurchase_score,"Direction summary is model behavior, not causal effect.",Correlation uses sampled rows for SHAP explanation.
GradientBoosting,promo1,max_watch_time_min,weekly_usage,89.3385,0.006071933017459262,0.8156309680728359,higher_feature_value_tends_to_increase_repurchase_score,"Direction summary is model behavior, not causal effect.",Correlation uses sampled rows for SHAP explanation.
GradientBoosting,promo1,max_daily_watch_time_min,weekly_usage,128.2845,0.0008686533522882265,0.7512297695540803,higher_feature_value_tends_to_increase_repurchase_score,"Direction summary is model behavior, not causal effect.",Correlation uses sampled rows for SHAP explanation.
GradientBoosting,promo1,max_daily_sessions,weekly_usage,2.6685,0.0,,insufficient_variation,"Direction summary is model behavior, not causal effect.",Correlation uses sampled rows for SHAP explanation.
GradientBoosting,promo1,recency,technical_or_unknown,6.147,-0.010790071219415717,0.32116351158237233,higher_feature_value_tends_to_increase_repurchase_score,"Direction summary is model behavior, not causal effect.",Correlation uses sampled rows for SHAP explanation.
GradientBoosting,promo1,avg_gap_between_watch_days,weekly_usage,3.3824068029193026,-0.00030933117274159315,0.720069368162276,higher_feature_value_tends_to_increase_repurchase_score,"Direction summary is model behavior, not causal effect.",Correlation uses sampled rows for SHAP explanation.
GradientBoosting,promo1,avg_gap_w1_watch_days,weekly_usage,0.69375,0.00013297273750296308,0.008576733473738411,non_monotonic_or_unclear,"Direction summary is model behavior, not causal effect.",Correlation uses sampled rows for SHAP explanation.
GradientBoosting,promo1,avg_gap_w2_watch_days,weekly_usage,0.6459,-0.0001858686585453015,-0.7799763855268449,higher_feature_value_tends_to_decrease_repurchase_score,"Direction summary is model behavior, not causal effect.",Correlation uses sampled rows for SHAP explanation.
GradientBoosting,promo1,avg_gap_w3_watch_days,weekly_usage,0.6557833333333333,0.0004567857281546058,0.8347196933047849,higher_feature_value_tends_to_increase_repurchase_score,"Direction summary is model behavior, not causal effect.",Correlation uses sampled rows for SHAP explanation.
GradientBoosting,promo1,max_inactive_gap_days,technical_or_unknown,5.2335,0.00045787113981221063,0.7673850797826592,higher_feature_value_tends_to_increase_repurchase_score,"Direction summary is model behavior, not causal effect.",Correlation uses sampled rows for SHAP explanation.
GradientBoosting,promo1,avg_rewatch_ratio,weekly_usage,0.14748859215578733,0.0012239144033711464,-0.8531695999531634,higher_feature_value_tends_to_decrease_repurchase_score,"Direction summary is model behavior, not causal effect.",Correlation uses sampled rows for SHAP explanation.
GradientBoosting,promo1,weekend_watch_ratio,weekly_usage,0.3735716268330115,-5.340087001336834e-05,-0.8176673145622663,higher_feature_value_tends_to_decrease_repurchase_score,"Direction summary is model behavior, not causal effect.",Correlation uses sampled rows for SHAP explanation.
GradientBoosting,promo1,watch_ratio_under_1m,weekly_usage,0.21489087400502083,-0.00043953672357345384,-0.7835456615123296,higher_feature_value_tends_to_decrease_repurchase_score,"Direction summary is model behavior, not causal effect.",Correlation uses sampled rows for SHAP explanation.
GradientBoosting,promo1,watch_ratio_under_5m,weekly_usage,0.3121897986289616,-0.0013131674124744629,-0.6762703523197106,higher_feature_value_tends_to_decrease_repurchase_score,"Direction summary is model behavior, not causal effect.",Correlation uses sampled rows for SHAP explanation.
GradientBoosting,promo1,movie_per_active_day,content_preference,1.2653924936174936,-0.0014283228303556333,-0.13781672213673876,higher_feature_value_tends_to_decrease_repurchase_score,"Direction summary is model behavior, not causal effect.",Correlation uses sampled rows for SHAP explanation.
GradientBoosting,promo1,max_day_share,technical_or_unknown,0.5857394452111427,-0.0017781104960294014,-0.8372663859149775,higher_feature_value_tends_to_decrease_repurchase_score,"Direction summary is model behavior, not causal effect.",Correlation uses sampled rows for SHAP explanation.
GradientBoosting,promo1,day_count_over_3times,technical_or_unknown,0.6925,0.0,,insufficient_variation,"Direction summary is model behavior, not causal effect.",Correlation uses sampled rows for SHAP explanation.
GradientBoosting,promo1,watch_time_min_w1,weekly_usage,97.0585,-0.001176269755117368,-0.5507449953020457,higher_feature_value_tends_to_decrease_repurchase_score,"Direction summary is model behavior, not causal effect.",Correlation uses sampled rows for SHAP explanation.
GradientBoosting,promo1,watch_time_min_w2,weekly_usage,95.7145,0.0006905082902259601,0.7784283470153018,higher_feature_value_tends_to_increase_repurchase_score,"Direction summary is model behavior, not causal effect.",Correlation uses sampled rows for SHAP explanation.
GradientBoosting,promo1,watch_time_min_w3,weekly_usage,95.703,-0.009562052359660289,0.6988615072238601,higher_feature_value_tends_to_increase_repurchase_score,"Direction summary is model behavior, not causal effect.",Correlation uses sampled rows for SHAP explanation.
GradientBoosting,promo1,watch_session_w1,weekly_usage,2.2605,0.002575583657437076,-0.6672644709539451,higher_feature_value_tends_to_decrease_repurchase_score,"Direction summary is model behavior, not causal effect.",Correlation uses sampled rows for SHAP explanation.
GradientBoosting,promo1,watch_session_w2,weekly_usage,2.1265,0.00033967581455092064,-0.5199352927846412,higher_feature_value_tends_to_decrease_repurchase_score,"Direction summary is model behavior, not causal effect.",Correlation uses sampled rows for SHAP explanation.
GradientBoosting,promo1,watch_session_w3,weekly_usage,2.1575,-0.0017507089761264992,0.5476964885621501,higher_feature_value_tends_to_increase_repurchase_score,"Direction summary is model behavior, not causal effect.",Correlation uses sampled rows for SHAP explanation.
GradientBoosting,promo1,diff_between_w2_w1,weekly_usage,-1.344,0.005791254692176244,0.589607461872366,higher_feature_value_tends_to_increase_repurchase_score,"Direction summary is model behavior, not causal effect.",Correlation uses sampled rows for SHAP explanation.
GradientBoosting,promo1,diff_between_w3_w1,weekly_usage,-1.3555,-0.00934633054045843,0.6593107621804486,higher_feature_value_tends_to_increase_repurchase_score,"Direction summary is model behavior, not causal effect.",Correlation uses sampled rows for SHAP explanation.
GradientBoosting,promo1,diff_between_w3_w2,weekly_usage,-0.0115,-0.0019477753086246587,0.5058145428343107,higher_feature_value_tends_to_increase_repurchase_score,"Direction summary is model behavior, not causal effect.",Correlation uses sampled rows for SHAP explanation.
GradientBoosting,promo1,is_w1_over_50pct,weekly_usage,0.2965,-0.0003633762293575086,-0.8574350826523338,higher_feature_value_tends_to_decrease_repurchase_score,"Direction summary is model behavior, not causal effect.",Correlation uses sampled rows for SHAP explanation.
GradientBoosting,promo1,is_w2_over_50pct,weekly_usage,0.2655,-0.0002930585821235865,0.6805220270429033,higher_feature_value_tends_to_increase_repurchase_score,"Direction summary is model behavior, not causal effect.",Correlation uses sampled rows for SHAP explanation.
GradientBoosting,promo1,is_w3_over_50pct,weekly_usage,0.2855,0.0,,insufficient_variation,"Direction summary is model behavior, not causal effect.",Correlation uses sampled rows for SHAP explanation.
GradientBoosting,promo1,is_only_w1,technical_or_unknown,0.096,0.004100238553887083,-0.9886534872603429,higher_feature_value_tends_to_decrease_repurchase_score,"Direction summary is model behavior, not causal effect.",Correlation uses sampled rows for SHAP explanation.
GradientBoosting,promo1,is_only_w2,technical_or_unknown,0.078,0.0,,insufficient_variation,"Direction summary is model behavior, not causal effect.",Correlation uses sampled rows for SHAP explanation.
GradientBoosting,promo1,is_only_w3,technical_or_unknown,0.106,0.0,,insufficient_variation,"Direction summary is model behavior, not causal effect.",Correlation uses sampled rows for SHAP explanation.
GradientBoosting,promo1,new_movie_in_90d_ratio,content_preference,0.18209814032611404,-0.00010776040383271033,0.8527398676408271,higher_feature_value_tends_to_increase_repurchase_score,"Direction summary is model behavior, not causal effect.",Correlation uses sampled rows for SHAP explanation.
GradientBoosting,promo1,new_movie_in_180d_ratio,content_preference,0.21612682598607721,-0.000710457748073871,0.8751779442889344,higher_feature_value_tends_to_increase_repurchase_score,"Direction summary is model behavior, not causal effect.",Correlation uses sampled rows for SHAP explanation.
GradientBoosting,promo1,new_movie_in_365d_ratio,content_preference,0.26210792016236495,0.000596287624534181,-0.4119832697867742,higher_feature_value_tends_to_decrease_repurchase_score,"Direction summary is model behavior, not causal effect.",Correlation uses sampled rows for SHAP explanation.
GradientBoosting,promo1,old_movie_ratio_5y,content_preference,0.161730370810236,0.0003879334685525784,-0.7911546739531318,higher_feature_value_tends_to_decrease_repurchase_score,"Direction summary is model behavior, not causal effect.",Correlation uses sampled rows for SHAP explanation.
GradientBoosting,promo1,avg_ott_release_year,content_preference,1900.8197668918158,-0.0003773105790247202,-0.36741218902490663,higher_feature_value_tends_to_decrease_repurchase_score,"Direction summary is model behavior, not causal effect.",Correlation uses sampled rows for SHAP explanation.
GradientBoosting,promo1,genre_diversity_count,genre_preference,2.895,0.0001039166924603464,0.7952888190965086,higher_feature_value_tends_to_increase_repurchase_score,"Direction summary is model behavior, not causal effect.",Correlation uses sampled rows for SHAP explanation.
GradientBoosting,promo1,action_adventure_ratio,genre_preference,0.10671513095816156,-0.0019074997608646055,-0.9764901346790545,higher_feature_value_tends_to_decrease_repurchase_score,"Direction summary is model behavior, not causal effect.",Correlation uses sampled rows for SHAP explanation.
GradientBoosting,promo1,family_animation_ratio,genre_preference,0.10800762746332387,-0.010214754628874138,0.7591855416087316,higher_feature_value_tends_to_increase_repurchase_score,"Direction summary is model behavior, not causal effect.",Correlation uses sampled rows for SHAP explanation.
GradientBoosting,promo1,drama_ratio,genre_preference,0.17455626995707263,0.014442318509784481,0.7324872980203329,higher_feature_value_tends_to_increase_repurchase_score,"Direction summary is model behavior, not causal effect.",Correlation uses sampled rows for SHAP explanation.
GradientBoosting,promo1,thriller_crime_ratio,genre_preference,0.12834044654502436,-0.013234109427007763,-0.9696327002610708,higher_feature_value_tends_to_decrease_repurchase_score,"Direction summary is model behavior, not causal effect.",Correlation uses sampled rows for SHAP explanation.
GradientBoosting,promo1,sf_fantasy_ratio,technical_or_unknown,0.11087240469550778,0.001624670266952227,-0.884230784279945,higher_feature_value_tends_to_decrease_repurchase_score,"Direction summary is model behavior, not causal effect.",Correlation uses sampled rows for SHAP explanation.
GradientBoosting,promo1,comedy_ratio,genre_preference,0.07782186020166472,3.4866719787247825e-05,-0.6750969591588528,higher_feature_value_tends_to_decrease_repurchase_score,"Direction summary is model behavior, not causal effect.",Correlation uses sampled rows for SHAP explanation.
GradientBoosting,promo1,romance_ratio,genre_preference,0.09785655756001717,0.0036192817304392176,0.8007386663438107,higher_feature_value_tends_to_increase_repurchase_score,"Direction summary is model behavior, not causal effect.",Correlation uses sampled rows for SHAP explanation.
GradientBoosting,promo1,horror_ratio,genre_preference,0.02655998838178794,0.0011749559909457834,-0.9467253024793146,higher_feature_value_tends_to_decrease_repurchase_score,"Direction summary is model behavior, not causal effect.",Correlation uses sampled rows for SHAP explanation.
GradientBoosting,promo1,documentary_ratio,genre_preference,0.016247107709830816,4.639085162609574e-05,-0.8505339396537058,higher_feature_value_tends_to_decrease_repurchase_score,"Direction summary is model behavior, not causal effect.",Correlation uses sampled rows for SHAP explanation.
GradientBoosting,promo1,historical_war_ratio,technical_or_unknown,0.06746281358205833,-0.0003679424706997004,-0.4148522905826277,higher_feature_value_tends_to_decrease_repurchase_score,"Direction summary is model behavior, not causal effect.",Correlation uses sampled rows for SHAP explanation.
GradientBoosting,promo1,other_ratio,technical_or_unknown,0.02755979294555075,0.00031095763573611766,0.7332229344659847,higher_feature_value_tends_to_increase_repurchase_score,"Direction summary is model behavior, not causal effect.",Correlation uses sampled rows for SHAP explanation.
GradientBoosting,promo1,is_basic,membership_context,0.6015,6.800937739757462e-05,-0.9755714974022089,higher_feature_value_tends_to_decrease_repurchase_score,"Direction summary is model behavior, not causal effect.",Correlation uses sampled rows for SHAP explanation.
GradientBoosting,promo1,is_cold_start_3d_fixed,onboarding_activation,0.3805,-0.002014378022801262,0.9762192399519808,higher_feature_value_tends_to_increase_repurchase_score,"Direction summary is model behavior, not causal effect.",Correlation uses sampled rows for SHAP explanation.
GradientBoosting,promo1,is_cold_start_7d_fixed,onboarding_activation,0.6395,0.0,,insufficient_variation,"Direction summary is model behavior, not causal effect.",Correlation uses sampled rows for SHAP explanation.
GradientBoosting,promo1,log_retention_w2_ratio,retention_decay,-0.05672714943437823,0.003065856566218803,0.6944937277177085,higher_feature_value_tends_to_increase_repurchase_score,"Direction summary is model behavior, not causal effect.",Correlation uses sampled rows for SHAP explanation.
GradientBoosting,promo1,log_retention_w3_ratio,retention_decay,0.09473000092685413,0.011138366415920607,0.7119978929872945,higher_feature_value_tends_to_increase_repurchase_score,"Direction summary is model behavior, not causal effect.",Correlation uses sampled rows for SHAP explanation.
